PR000,Retinader,NULL,Quibusdam eos reprehenderit quam est nemo; ex est nihil quisquam temporibus et. Sed debitis aut. Error repellat porro! Ipsa quia neque sed ex cumque aut saepe. Autem sed aut ut qui; saepe vitae quis officiis dolorem vel? Recusandae numquam et obcaecati itaque et sit rerum et sed.,Tap Bev,10,8,NULL,Discontinued
PR001,Protelleron,SU009,Unde in et sequi quo. Ea aut perspiciatis omnis qui et unde et est. Inventore ut in sed asperiores officiis sapiente alias. Eaque sit vitae atque quidem illo sunt. Exercitationem assumenda odio; illum ea reiciendis laudantium fuga cum nesciunt sint libero. Sit dolorum praesentium nostrum perspiciatis necessitatibus rem quo quia.,Food,5,10,93,Backordered
PR002,Monocessexer,SU010,Aut commodi saepe voluptatem dolores unde quae ipsa quos porro. Atque voluptatem distinctio aperiam tenetur voluptas assumenda nam. Non molestiae laboriosam voluptatem reiciendis! Vitae omnis quis natus dolores totam temporibus voluptate. Eius magni repellat natus quia minima itaque; quisquam corrupti omnis perspiciatis quia eos. Dolorem a natus sit deserunt voluptas laudantium veritatis.,Coffee and Tea,8,15,22,Backordered
PR003,Printculry,SU047,Non vel magni vitae error enim sequi eaque adipisci id...,Mixed Bev,4,4,93,In Stock
PR004,Comtinar,SU034,Velit nesciunt nemo et voluptatem aut deserunt voluptas deleniti delectus.,Apparel,12,15,67,Backordered
PR005,Comholdimator,SU034,Voluptas cupiditate voluptatem repudiandae dolor iure est. Soluta nobis possimus exercitationem dolor et dolor aspernatur; necessitatibus aspernatur reprehenderit ea hic pariatur similique. Veniam eveniet non earum quia est. Perferendis explicabo repellat aut officiis. Ab officiis architecto in eos voluptas sed ratione omnis ipsum. Architecto voluptatibus ut. Consectetur in quasi. Deleniti rem?,Tap Bev,8,3,81,In Stock
PR006,Armpickader,SU006,Provident dolores error nobis maiores enim dolores enim illo ullam.,Apparel,9,15,69,In Stock
PR007,Procordator,SU004,"Aut perferendis suscipit sed impedit dolorem qui ab ea qui. Consequatur aliquid, veniam esse magnam accusamus officia perspiciatis corporis a!",Food,5,24,58,In Stock
PR008,Cabcessefar,SU028,"Quibusdam sunt similique. Autem quisquam consectetur consequatur. A dolor doloremque rerum corrupti suscipit voluptatem. Qui eligendi veniam odit ad illum ullam voluptas nam; minima eaque veniam dolor a consequatur qui voluptate nihil aspernatur. Repellat eum, aut nemo nobis placeat eos maxime quisquam totam. Veniam eius et. Repellat ratione quas. Tempore dignissimos deleniti.",Food,10,21,54,In Stock
PR009,Subcordaqura,SU013,"Eveniet velit exercitationem ipsam minus quo consequatur earum ad sed; autem quaerat quo deserunt ipsa sunt debitis, in magni modi. Magni est vero et accusamus error. Vero ipsam sed laborum quos laborum; error qui voluptatibus eos consequatur corrupti ipsa vero odit. Corrupti animi voluptas qui nostrum. Dolorum nostrum debitis.",Coffee and Tea,8,22,27,Discontinued
PR010,Conjectexer,SU030,"Ex repellendus distinctio est quia, ut sit dolore ipsum nihil.",Food,1,15,49,In Stock
PR011,Contellor,SU035,"Et magnam nisi consequatur nisi sed error impedit. Perspiciatis at impedit quaerat debitis officiis eveniet, et esse cupiditate. Et impedit ullam laboriosam praesentium ut! Veniam omnis nesciunt velit obcaecati deleniti. Et commodi quia iusto id dolorum voluptatem excepturi laboriosam natus. Explicabo neque doloremque? Consequuntur aut at. Et dolorem sit; ab vel harum.",Apparel,10,7,82,In Stock
PR012,Micwoofphone,SU012,Sed minima ipsa aut labore placeat distinctio ex iste. Nostrum maxime similique quia. Qui ut voluptatem molestias tempora mollitia voluptates fuga. Unde quo error sequi vel! Debitis ut ducimus voluptas debitis nostrum suscipit ex? Quia repellat sunt dolorum perspiciatis qui; ad officiis molestiae dolorem at aut. In porro iusto enim consequatur delectus magnam.,Mixed Bev,0,3,52,In Stock
PR013,Charceivscope,SU020,"Quisquam blanditiis officia, aliquid laudantium labore ad pariatur qui dolor.",Tap Bev,3,17,30,In Stock
PR014,Moncyclentor,SU020,"Omnis dolorem aut. Et rerum sint consequatur quaerat soluta, nostrum vitae error eum. Omnis autem possimus inventore molestiae nobis, voluptatem ullam beatae voluptatem. Quisquam magnam, quo sed accusantium esse mollitia modi quia culpa? Esse eum autem quia possimus dolor accusamus necessitatibus sapiente repellat.",Tap Bev,5,3,21,Discontinued
PR015,Cleanputscope,SU000,Eum est recusandae commodi maxime sed harum. Non veritatis rerum omnis. At blanditiis nostrum ad. Voluptas error voluptate debitis rem temporibus sit. Neque aut explicabo illo sunt doloremque atque perspiciatis; nam iure qui sequi. Officia unde eveniet non velit laudantium porro voluptatum et! Eos et error voluptatem quisquam ut sequi recusandae.,Tap Bev,2,10,5,In Stock
PR016,Mictinor,SU030,"Vero sed aliquam nostrum consequatur voluptas doloribus tempore. Assumenda modi harum dolore! Qui sapiente repudiandae laboriosam non odio et soluta. Non quo iste beatae possimus facilis? Praesentium fugiat quia, sapiente eum sequi ut facilis sint dignissimos. Laudantium ipsum, et eligendi ipsam deleniti eum tempora iste dignissimos!",Mixed Bev,12,8,55,In Stock
PR017,Cleanbandator,SU031,Neque libero ut. Ex inventore ducimus odio et non in earum alias. Voluptatem perferendis quisquam voluptatem quod amet. Ut aperiam neque vero est aperiam voluptatibus voluptatem ut. Vero esse quia. Molestiae ab doloremque pariatur minus aliquam. Eos assumenda aliquam nobis. Explicabo eius odio...,Apparel,5,14,64,In Stock
PR018,Speakjecton,SU019,Omnis iure dolorum quidem est qui molestiae. Repellat aspernatur qui laudantium et. Illo minus exercitationem quis distinctio. Beatae error dicta architecto ut vel ut vel; nemo sunt dolorum earum voluptatibus minima repellendus molestiae laudantium. Asperiores sed aliquam quaerat in repudiandae cumque ullam consequatur. Perspiciatis ipsam sed? Corporis modi repellat. Dolorum voluptatum optio.,Apparel,12,12,32,Discontinued
PR019,Suplifier,SU041,Est facilis voluptatem ullam optio. Ullam et officiis in aperiam laborum sint iste impedit rerum? Perspiciatis ratione culpa maiores voluptate. Voluptatem maxime eos ducimus nulla obcaecati praesentium saepe assumenda et; iste in et. Enim quas ab quibusdam accusantium; ducimus illo totam aut nemo facilis adipisci qui inventore exercitationem.,Mixed Bev,4,8,74,In Stock
PR020,Bicessentor,SU017,"Nihil qui culpa fugit a dolores totam sit et. Eaque quos sed tempore? Et error sed repellat dolor quis voluptas provident accusantium voluptatum. Recusandae optio voluptatem quia blanditiis ea perspiciatis, libero eveniet explicabo. Sunt error tenetur consequatur deleniti ex nam unde quo quisquam.",Tap Bev,8,19,18,In Stock
PR021,Teculor,SU000,"Ad ipsa deleniti enim, sunt et laborum aliquid ipsa voluptatem.",Tap Bev,2,21,9,In Stock
PR022,Transtinletlet,SU047,Tempora obcaecati natus amet enim. Necessitatibus sint omnis et qui omnis. In ad ab quibusdam quis officia debitis! Libero harum et ratione magni. Iste ut reiciendis possimus. Obcaecati eum qui neque provident corporis; exercitationem ipsa aut eligendi sint ut aperiam voluptatem. Unde et quo.,Apparel,11,10,43,In Stock
PR023,Cleanteller,SU043,"Ut minus minima, similique sint excepturi quos iste velit officia; ipsum dolore perferendis numquam non, modi voluptatem delectus sit cum. Assumenda aliquid ut quia ipsum, unde distinctio beatae unde sequi.",Mixed Bev,3,13,5,In Stock
PR024,Cleantary,SU036,"Maiores exercitationem, quaerat sit impedit at porro dolor corporis sit; quas voluptatum minima exercitationem nisi ea unde debitis. Inventore eos quae nisi. Ducimus sunt aut dolores debitis quae sint consectetur exercitationem harum. Sunt ex repudiandae et vitae, nemo ut qui vitae dolore.",Coffee and Tea,3,8,50,In Stock
PR025,Stereowoofer,NULL,"Commodi assumenda omnis. Qui eligendi reprehenderit ad. Ut dolorum dolore necessitatibus excepturi unde delectus architecto et. Rerum sit assumenda sit, labore sit vitae est laborum sed. Fugit perspiciatis qui debitis est. Dolore laudantium ex! Ut vero sed unde voluptatem porro reiciendis corporis. Ut accusamus nihil et iste natus dignissimos voluptatum necessitatibus.",Bottled Bev,10,23,NULL,Discontinued
PR026,Ampwoofer,SU033,Quaerat itaque iusto voluptatem accusamus. Nemo tempore cum quia nesciunt consequuntur nobis qui ullam et. Temporibus corporis velit non ea nesciunt error vero minus nostrum; qui omnis mollitia iure est et molestiae expedita qui ut. Accusamus aspernatur minus quia aut numquam et amet nihil sit.,Apparel,7,11,9,In Stock
PR027,Cleanputor,SU025,"Sed maiores aut sit perspiciatis est error suscipit nobis optio. Quaerat totam libero ut, inventore eligendi consequatur necessitatibus asperiores ipsum. Magni vel neque nulla unde commodi natus quis laborum sit. Nisi rerum ipsum itaque aut error repellendus eaque eveniet delectus.",Coffee and Tea,8,18,51,Discontinued
PR028,Anfindfiar,SU038,"Necessitatibus velit consequuntur ut quaerat consequuntur. Nam omnis, dolores alias assumenda quisquam ex quo molestias id. Deserunt consequatur velit et, quasi dolorem et est dolor nulla? Animi recusandae error molestiae, voluptatem velit nobis laudantium eos et. Rerum minima perspiciatis ut laboriosam quas voluptas ex sit fugiat.",Tap Bev,9,11,37,In Stock
PR029,Tweettapllet,SU036,Voluptatem ex natus commodi illo itaque dicta dolore qui officiis.,Coffee and Tea,10,8,74,In Stock
PR030,Conmuterridge,NULL,Voluptatem dolorum corrupti aliquid qui iste sed. Nihil in officia illum quos iure; sit quasi nemo qui dolores voluptatem magni et perspiciatis. Voluptas aliquid quam reprehenderit? Dicta ipsa temporibus sit. Reiciendis ut aut necessitatibus nulla cumque; nisi aut et placeat sit. Sed minus velit obcaecati. Quasi esse quaerat. Expedita officia neque.,Tap Bev,4,5,NULL,Discontinued
PR031,Tabtiner,SU000,"Maxime unde rerum itaque sit perferendis tempora sed quis expedita. Itaque facilis atque quia asperiores nam ut, accusantium earum unde.",Coffee and Tea,10,7,83,In Stock
PR032,Cartputor,SU000,"Sequi quia temporibus optio voluptatem aut ratione voluptatem velit facilis. Cupiditate id et voluptate illo rerum minus, temporibus possimus distinctio? Dolore voluptas voluptate rerum vitae porro quaerat voluptate quibusdam possimus. Fuga sit eum qui voluptatibus nemo ut fugit enim aut.",Apparel,10,24,6,In Stock
PR033,Cabwoofaquon,SU033,"Unde quas quisquam quas ut voluptatem qui ut nulla illo. Qui rerum sit, unde ducimus aut neque voluptas et voluptatem! Aut unde error voluptatem nesciunt qui id impedit id nisi.",Coffee and Tea,3,8,51,In Stock
PR034,Refindator,SU006,"Quo mollitia dolores natus, quia facilis corrupti officia dolor ut. Eveniet ut iste eligendi fuga nam similique nemo velit inventore! Excepturi qui et hic quo, possimus qui nulla dolores non. Necessitatibus vitae odio possimus sed qui vitae quia esse quo.",Tap Bev,3,5,86,In Stock
PR035,Micfindscope,SU006,"Non tenetur suscipit enim ducimus voluptas enim architecto. Nesciunt qui sunt aut nobis voluptates maiores ullam alias; perspiciatis alias natus voluptatem sunt quis at placeat, a et. Quo molestias tempore dolorem harum sunt blanditiis maiores atque non. Esse consequatur voluptatem vel. Omnis iste rerum nemo tempora fuga nobis quo libero.",Bottled Bev,1,6,64,In Stock
PR036,Bitectonentor,SU045,"Et sequi perferendis voluptatum. Dolores voluptatem ut aspernatur non unde id consequatur aut? Rerum consequatur voluptas. Omnis magnam sed error esse et aut qui; officiis quo qui; quas error non nam. Est quam tempore enim perferendis necessitatibus. Rem reiciendis natus voluptatem, nemo et sed quia sapiente magni!",Coffee and Tea,10,9,89,In Stock
PR037,Cabholderlet,SU017,"Aut nihil inventore unde et pariatur voluptatem quia atque iste. Eligendi sunt sapiente, est reprehenderit facilis quaerat quos voluptas veniam! Aliquam numquam dolor voluptas suscipit est nemo deserunt blanditiis saepe. Id magni, mollitia magni qui culpa debitis molestiae laborum voluptates.",Coffee and Tea,5,20,36,In Stock
PR038,Readtecter,SU008,"Mollitia ad exercitationem sed sapiente et, sed et ut quod. Sed minima omnis esse. Sint sed modi sed ea reiciendis saepe. Doloremque cum quis aut voluptatem aut pariatur assumenda aspernatur laborum. Esse eum id dolorem qui laudantium voluptas blanditiis est et! Quia eveniet labore nostrum necessitatibus fugiat itaque et expedita?",Mixed Bev,7,6,17,In Stock
PR039,Readtoppler,SU014,"Officiis aut iste voluptatem sint labore, et voluptas minima enim. Beatae et dolores unde qui reiciendis minima ut est quis. Illum quis, rerum obcaecati magnam voluptatem labore minima molestias at. Nihil error, facilis nihil quasi aut dolore facilis quis earum.",Bottled Bev,7,6,28,In Stock
PR040,Readculon,SU018,"Aspernatur alias eaque pariatur doloremque et, non necessitatibus autem quia. Sed est vero ab optio dolor voluptatibus quo perspiciatis officia! Earum voluptas, rerum natus vitae voluptate et sed sint et. Consectetur velit expedita et suscipit architecto sed ad qui pariatur.",Apparel,3,22,3,In Stock
PR041,Tabniscope,SU020,Autem et error autem quas ea excepturi iste facilis unde.,Food,3,20,18,In Stock
PR042,Tweetputer,SU002,"Cumque quisquam soluta. Dolor vitae nisi nihil dolor eaque; autem consectetur sit aut. Ad eum nisi assumenda sint assumenda illum sed voluptas saepe? Maiores voluptates repellendus sed accusantium ut aut dolore vero magni. Quod at omnis et, excepturi enim unde expedita fuga eius.",Food,1,8,63,Discontinued
PR043,Tabtaridge,SU035,Tempora necessitatibus iste sed id. Fugiat exercitationem nisi ducimus! Quis dicta fuga quos ipsa cupiditate voluptatem qui. Velit tenetur sed vel aut. Id est ab. Unde porro dolor aperiam dolor quia. Eos cumque iste pariatur sed voluptatem nisi et quidem. Pariatur voluptatem maxime temporibus velit aperiam.,Bottled Bev,7,3,9,In Stock
PR044,Armwoofadator,SU030,"Quae velit voluptatem, numquam aut veniam rerum soluta ut fugit. Quis sit nemo et molestiae totam quis est eum veniam? Et non fugit nulla omnis cumque qui ab omnis expedita. Dolore omnis voluptas animi mollitia incidunt totam recusandae ut iste.",Bottled Bev,10,18,45,In Stock
PR045,Monowooflet,SU021,Sed quis deleniti quas. Explicabo possimus quaerat accusamus quasi qui culpa modi quia temporibus. Libero aut praesentium incidunt quia explicabo ex explicabo at delectus. Numquam quo inventore voluptatum illum ut aut necessitatibus cumque voluptatem. Debitis voluptatem aspernatur quod nulla obcaecati natus perspiciatis dolorum est.,Tap Bev,7,6,86,In Stock
PR046,Monobandewor,SU030,Ut facilis veniam delectus quis sit. Sit omnis sunt! Quisquam exercitationem nisi dolor velit dolores necessitatibus rerum; alias odit aut. Porro error doloremque. Aut nihil aliquam quidem. Accusamus temporibus earum recusandae molestiae autem quam; explicabo non eos. Possimus nihil consectetur earum itaque ex; ut placeat nostrum sit enim.,Mixed Bev,4,19,50,Backordered
PR047,Printwooficry,SU043,"Ut voluptatem labore iusto recusandae veritatis, impedit modi saepe consequatur. Voluptatem ad autem neque sapiente ullam dolorum molestias aut minima.",Food,0,9,4,In Stock
PR048,Cartcessinridge,NULL,Alias voluptatem sint nesciunt dolorem officia ut odio expedita molestiae. Inventore ut ex voluptas reprehenderit commodi unde sint veniam voluptatum. Ut omnis ducimus dicta architecto reiciendis quo iste sed et. Iure quia cumque natus voluptates aspernatur ut accusantium magni et!,Tap Bev,11,13,76,In Stock
PR049,Armlictleter,NULL,Quae corrupti ut est rem aperiam inventore nesciunt perspiciatis quia.,Tap Bev,12,11,86,In Stock
