EM000,P01,EM002,Resigned,Abraham,Mckee,AbrahamAcevedo@h2obar.com,(406) 755-5008,2638,Ashwood Street,NULL,Aberdeen,MA,94630,2023-01-04,1954-01-04
EM001,P02,EM009,Active,Reinaldo,Eubanks,Abrams7@h2obar.com,(663) 616-5349,717,Ironwood Parkway,STE 4887,Sebring,CT,11450,2014-01-04,1994-02-20
EM002,P00,EM009,Active,Elijah,Hand,cfnyvkei53@h2obar.com,(458) 028-5842,243,W Ironwood Blvd,Apt 266,Aberdeen,CT,08242,2021-07-28,1954-01-08
EM003,P00,EM002,Resigned,Tanner,Abney,Stanley.Grace75@h2obar.com,(655) 375-4205,1338,W Cedar Tree Way,Unit 7299,Lake Villa,NJ,34958,2023-09-25,1994-01-04
EM004,P01,EM009,Active,Jewel,Evans,Barfield@h2obar.com,(565) 538-9497,479,Social Highway,Apt 7137,Norwood,NY,76703,2014-01-08,1961-06-29
EM005,P03,EM002,Active,Alfonso,Bowens,KathaleenSpivey@h2obar.com,(784) 788-9149,364,NE Church Ln,NULL,Augusta,CT,49273,2020-05-02,1957-02-13
EM006,P02,EM002,Resigned,Jason,Stanley,Hiatt63@h2obar.com,(679) 148-5477,600,South Mount Street,NULL,St. Marys,NJ,43735,2023-01-08,1957-08-06
EM007,P04,EM009,Terminated,Rico,Handley,Merrill.Agnew958@h2obar.com,(164) 900-3291,749,Old Ironwood St,STE 4331,Caribou,MA,77578,2016-08-04,1963-01-15
EM008,P02,EM002,Active,Yasmine,Everett,Lavada_Almond@h2obar.com,(347) 100-8979,2532,NE Buttonwood Hwy,NULL,Holyoke,CT,43438,2020-01-21,1997-01-22
EM009,P01,EM002,Active,Darcey,Lowry,Shaneka.Rust73@h2obar.com,(794) 255-2699,1148,Quailwood Lane,NULL,Saginaw,NY,96139,2017-07-26,1959-08-30
EM010,P02,EM002,Resigned,Rodney,Wicks,Herrmann24@h2obar.com,(353) 666-1179,1568,Glenwood Ave,Apt 5344,Canton,NY,99399,2024-01-26,1983-10-20
EM011,P00,EM009,Active,Latoya,Abraham,Harley@h2obar.com,(448) 515-6566,591,NW Sharp Hill Lane,Apt 1509,Palmyra,CT,74840,2017-01-28,1955-10-01
EM012,P03,EM009,Active,Jesus,Pelletier,WaltonPappas1@h2obar.com,(462) 746-5183,67,South Chapel Hill Street,Unit 54,East Palo Alto,NJ,53842,2014-08-12,1963-04-23
EM013,P00,EM001,Terminated,Olimpia,Bower,ifohtowc6180@h2obar.com,(728) 729-7860,68,Hidden Mount Loop,NULL,Allentown,NY,78879,2020-06-28,1976-10-18
EM014,P00,EM001,Active,Aurelia,Hutcheson,Buckner@h2obar.com,(489) 185-2233,802,Deepwood Highway,STE 9806,Bloomfield,NJ,87968,2015-10-01,1954-03-07
EM015,P01,EM009,Active,Freeman,Stanton,Duffy549@h2obar.com,(518) 483-2691,34,East Mount Highway,NULL,Berea,CT,48619,2022-04-14,1955-02-19
EM016,P04,EM002,Terminated,Brent,Handy,Aponte@h2obar.com,(748) 517-5014,1119,Beachwood Ln,STE 3845,Aiken,MA,54770,2024-01-17,1976-05-04
EM017,P01,EM009,Active,Anglea,Everhart,Alba@h2obar.com,(576) 308-0954,49,North Front Street,Suite 753,Scottdale,MA,93604,2014-01-05,1954-01-25
EM018,P02,EM009,Terminated,Desirae,Abrams,DelindaLElrod31@h2obar.com,(951) 961-4662,409,Hidden Woodhurst Lane,STE 3780,Watsonville,CT,07975,2024-01-20,1978-06-13
EM019,P00,EM002,Active,Cleo,Bowers,Mireles7@h2obar.com,(644) 897-9118,846,Ironwood Road,Apt 7947,Payson,CT,09304,2017-09-06,1965-12-05
EM020,P03,EM002,Active,Clint,Abreu,PetersonL@h2obar.com,(647) 191-4274,186,Mountain Rd,Suite 7247,Fort Smith,NY,98944,2016-08-26,1963-06-16
EM021,P03,EM009,Active,Patience,Wiese,Abigail.S_Aguirre@h2obar.com,(492) 769-2363,3609,Riddle Hill Rd,STE 381,Emmaus,NJ,34891,2021-06-12,1975-03-20
EM022,P00,EM002,Active,Agustin,Loy,ConradKeith885@h2obar.com,(609) 514-9143,354,White Fox Hill Highway,NULL,North Haledon,MA,50500,2015-05-04,1960-11-30
EM023,P02,EM001,Terminated,Josh,Hutchings,Quinton.Swank767@h2obar.com,(663) 854-7092,3693,S Stonewood Blvd,Unit 4439,Pharr,CT,70957,2024-01-16,1977-12-11
EM024,P00,EM009,Resigned,Ada,Staples,Cleary93@h2obar.com,(130) 210-9590,955,Oak Way,NULL,Orem,CT,20928,2024-11-04,2005-08-23
EM025,P02,EM002,Resigned,Margherita,Wiggins,AthenaAleman786@h2obar.com,(274) 090-7813,2324,East Rockwood Ct,STE 7790,Waite Park,NJ,64117,2023-01-30,1980-10-30
EM026,P00,EM002,Terminated,Carlita,Mckeever,Bullard@h2obar.com,(783) 706-3153,79,2nd Lane,STE 4937,Paulsboro,CT,96600,2024-04-19,1954-01-10
EM027,P01,EM002,Resigned,Adolph,Peltier,Jamika_Benefield@h2obar.com,(313) 691-5307,521,SW Chapel Hill Lane,Unit 66,Newman,NY,24021,2024-09-30,1994-01-08
EM028,P04,EM002,Active,Britt,Mckenna,Hong.Swenson@h2obar.com,(523) 055-4772,3627,SW Meadowview Lane,Unit 6184,Cynthiana,CT,47090,2019-03-08,1954-07-03
EM029,P02,EM002,Terminated,Blair,Stapleton,Whitley@h2obar.com,(453) 005-2229,45,3rd Lane,STE 2091,Coachella,NJ,65214,2023-08-02,1999-12-16
EM030,P02,EM002,Resigned,Fritz,Wilbanks,Matney@h2obar.com,(637) 398-3071,168,Riverside Pkwy,STE 8632,Manvel,NJ,81150,2023-01-05,2006-06-13
EM031,P03,EM002,Resigned,Maddie,Pemberton,ReginaldTowns97@h2obar.com,(503) 036-5425,2380,W Rushwood Ct,NULL,Racine,NJ,06633,2024-06-12,2002-06-21
EM032,P02,EM002,Active,Adrianne,Loyd,Montgomery93@h2obar.com,(284) 229-0158,461,Highland Cir,Unit 6233,Aberdeen,NJ,20864,2018-07-02,1980-10-08
EM033,P01,EM001,Active,Mittie,Hutchins,MaximaArchibald653@h2obar.com,(560) 385-8995,72,White Bayview Ct,NULL,Shamokin,CT,78189,2019-01-26,1997-06-05
EM034,P03,EM009,Active,Ellis,Starkey,Rich@h2obar.com,(287) 984-8699,281,Hidden Chapel Hill Highway,NULL,Saginaw,NJ,45434,2018-10-19,1982-09-01
EM035,P04,EM009,Resigned,Roland,Wilbur,Oconnell299@h2obar.com,(114) 451-2411,98,SE Highland Road,STE 68,Troy,CT,23342,2024-02-28,1994-07-27
EM036,P03,EM002,Terminated,Samuel,Starks,Verlie_Z.Langdon75@h2obar.com,(893) 351-7707,683,Monument Parkway,NULL,Mounds View,CT,42393,2024-03-03,1954-01-04
EM037,P01,EM002,On Leave,Arthur,Hanes,BowlesU@h2obar.com,(230) 978-3559,2250,Riverside Dr,NULL,Caledonia,CT,32691,2024-05-03,1958-07-25
EM038,P03,EM009,Terminated,Rebecka,Mckenney,Cousins@h2obar.com,(708) 981-6954,46,NW Brentwood Drive,NULL,Chanhassen,CT,13392,2023-05-20,1956-09-17
EM039,P00,EM009,Active,Selena,Pena,xkpmbtk02@h2obar.com,(651) 070-9000,69,Riverview Lane,NULL,Glencoe,NY,18350,2014-05-01,1980-07-08
